,listing_id,host_id
0,241032,956883
1,953595,5177328
2,3308979,16708587
3,7421966,9851441
4,278830,1452570
5,5956968,326758
6,1909058,2497928
7,856550,4016632
8,4948745,2166277
9,2493658,5177328
10,175576,239585
11,4454295,4606439
12,3883392,19932967
13,8889257,25899989
14,5680462,22372266
15,8988178,2983711
16,3245876,9465817
17,4933447,25417834
18,7735464,6170760
19,6291829,32713558
20,9218403,14100483
21,4125779,21401856
22,8942678,46675077
23,10106055,51860756
24,6362362,33147763
25,3544550,16708587
26,9025039,68155
27,3200646,4016632
28,8859380,3792761
29,4520099,6184895
30,2481869,5177328
31,1110749,5325329
32,5978498,31037494
33,5021081,25906186
34,1686930,8916363
35,7680289,40335071
36,7207641,6544973
37,5062445,21072725
38,8925878,40335071
39,6389657,2052160
40,4218733,21896205
41,2715623,8242272
42,1392332,2315558
43,7308567,17597607
44,6575380,34392395
45,6004058,9031463
46,9550869,12867960
47,8515408,3502513
48,5383192,27606550
49,1112092,5856339
50,7772661,40885963
51,9254900,27128936
52,7714294,3521823
53,10310373,53050379
54,9368342,1039322
55,6361863,25150356
56,8105221,15155647
57,3269390,12171359
58,4566393,23669617
59,9282409,560743
60,8095168,3521823
61,2746782,4016632
62,6424982,33524725
63,762029,4016632
64,8988281,46954097
65,7077910,2843411
66,3772674,18232665
67,7021906,28770702
68,7618605,5326074
69,10234558,31887689
70,7021702,36805437
71,7680439,1612983
72,4258515,841009
73,1148517,6296335
74,2487892,1343908
75,3038772,15473800
76,699460,3587674
77,4085439,21066328
78,8053990,23228606
79,7011773,23228606
80,2467550,811494
81,2686374,2231298
82,1956274,7466082
83,8537192,43954674
84,5919096,53050
85,6516529,3781927
86,3294243,4970133
87,10210971,24709547
88,3584790,2882219
89,1266459,2317654
90,9098059,43954674
91,408526,2034501
92,4118282,19071753
93,6813483,35674639
94,6590264,24500821
95,2650482,205007
96,20927,79450
97,4395578,430709
98,4995903,13535511
99,5549211,28770702
100,8240758,15785670
101,6856295,34872403
102,6881188,33225983
103,1579615,8403307
104,3766866,19296907
105,2406966,53050
106,4872699,25066447
107,5470629,28375755
108,2950213,15060417
109,9015088,29133654
110,3979496,4807375
111,7501919,36085516
112,4732995,19533935
113,7134759,23228606
114,4532538,23489864
115,7534398,39472587
116,9387189,1539790
117,6337492,32998581
118,10231701,52580911
119,1609922,3494510
120,4236723,2231298
121,7843837,19001873
122,3076065,15655683
123,6423204,33367198
124,8338849,43954674
125,6401209,28770702
126,20928,79450
127,3344977,16884006
128,7604621,39884676
129,3303978,16687781
130,7067082,25171396
131,3121829,4152568
132,2539881,12503146
133,3678718,5776729
134,4694479,20069008
135,6646843,34793330
136,1364440,256203
137,1781873,2237228
138,4138423,129014
139,5562674,28840161
140,1789341,3979528
141,4672934,19993125
142,4550099,15104715
143,1198799,6428916
144,5308429,7849723
145,2769088,5067360
146,7603135,39549545
147,9374365,6407320
148,6106498,31684830
149,9331449,6407320
150,8799162,46108145
151,4317390,22414188
152,3884851,19477023
153,3155785,9484588
154,9368517,48604323
155,5643240,12036205
156,5042014,18413215
157,7724630,26877490
158,9449437,6407320
159,3053237,11580391
160,8132347,3681393
161,63733,311363
162,2039149,5325329
163,227636,1187351
164,3689119,1375021
165,1179538,6407320
166,6823781,35742272
167,2284536,129014
168,5143441,179626
169,5749958,3751963
170,9116815,276239
171,7731836,8739320
172,10262971,4933168
173,1407502,6136210
174,8817038,3656709
175,4449303,19993125
176,8255615,15178583
177,4053092,9995182
178,6886633,24786046
179,8820414,4855968
180,3052151,5067360
181,2339333,11850640
182,1618842,8612866
183,888967,4405122
184,380950,287962
185,8097708,31148752
186,5671843,18413215
187,904057,4678869
188,7161725,21015753
189,9587410,26498368
190,9202380,2067157
191,2238105,7727480
192,9545766,12851001
193,2441908,12483454
194,9367465,48604323
195,3031415,5325329
196,843812,4405122
197,3835995,19756727
198,9732638,19984963
199,3768745,19311504
200,3975434,6307839
201,5620928,15543526
202,7381677,38669130
203,5487934,13546801
204,9028447,2704826
205,757840,3991908
206,8848403,46243391
207,7430926,32052651
208,7021544,31366898
209,1323446,7053059
210,3925573,20338511
211,8723086,45781945
212,781474,4122018
213,9812439,31366898
214,3401644,106721
215,10036903,51433714
216,5310193,27508753
217,5308875,11358129
218,5052459,26032511
219,7228499,5325329
220,7651653,9423731
221,1494986,316200
222,1783382,9361239
223,7513198,12456569
224,8308316,3792761
225,9694921,3787979
226,2472850,2840320
227,5487522,13546801
228,4016650,238431
229,10229434,21616710
230,3479241,15893988
231,5848400,430709
232,6077760,21288637
233,4642956,24038354
234,1167507,6393323
235,6044106,31366898
236,1799255,9435135
237,8941768,3022709
238,6569950,34363282
239,7733192,24633415
240,9215782,23551180
241,5175631,17039361
242,6315614,27215994
243,9134193,47573170
244,2481189,12693172
245,8535897,23822173
246,9476826,2495385
247,3144311,1917040
248,9370007,23792018
249,6781308,33944952
250,160222,767899
251,4250367,919364
252,8755479,6097842
253,8829156,46243391
254,5126077,6097842
255,6108796,31366898
256,2692126,106972
257,6882211,5468952
258,9573675,49560117
259,3544953,15791829
260,2020505,10385963
261,5580457,17572659
262,1495271,1300775
263,8455865,44510434
264,9679300,49371015
265,6065566,31483782
266,4645208,24049136
267,6115807,13566271
268,7091397,7376011
269,6134153,13566271
270,7763878,19002091
271,8088447,5992456
272,3418349,17234030
273,9199982,46019955
274,6400000,13566271
275,6776229,33944952
276,7627794,39970532
277,8374102,23792018
278,6316934,31366898
279,1820794,9533123
280,314180,1224813
281,8670079,45544717
282,4868135,1121532
283,5336585,27656377
284,1427103,7675473
285,3518808,17717833
286,8995844,964658
287,356566,1224813
288,6466388,20567228
289,4531944,7796684
290,6686072,34994802
291,4384343,2472278
292,7900056,6885026
293,6378563,22840181
294,5630783,29181914
295,340706,1015653
296,6202214,7556974
297,1030411,365852
298,7922373,23986021
299,6156470,17935405
300,2994309,7319622
301,1594328,1850689
302,8072920,11238188
303,6915487,6885026
304,6202603,14898710
305,5286781,9838821
306,2818420,14417667
307,3739681,832888
308,7922063,35246915
309,611509,3032548
310,1802663,9450725
311,9797545,6645401
312,9241055,832888
313,9294832,23827582
314,8643209,45437387
315,7258811,1243056
316,10265391,10607280
317,132120,378445
318,6343866,33039203
319,3066740,15606907
320,4130112,1414691
321,4026757,10061445
322,9545281,49432912
323,3294804,3267988
324,4122325,17961308
325,8308353,5098788
326,7226013,32154881
327,5761290,6885026
328,182716,181621
329,3050140,11236752
330,3254956,6680836
331,1264287,6883532
332,3404557,1243056
333,3939683,1243056
334,3424242,1243056
335,7985714,1243056
336,4279876,4873557
337,3870253,16533140
338,2187563,6668610
339,3889299,1243056
340,3889330,1243056
341,1184846,6458694
342,3626162,5656763
343,456040,798892
344,9033154,47151070
345,4340838,11600938
346,808811,4255498
347,7368030,38607259
348,522287,2569008
349,1940787,7675473
350,3732103,1243056
351,43373,189356
352,5126365,1717300
353,7182584,1107424
354,5325214,4255498
355,2710274,10392662
356,5128160,26509491
357,3424114,1243056
358,2776890,6719697
359,4521755,22840181
360,3456599,3267988
361,8207848,31148752
362,10249527,46619432
363,1252740,2931003
364,4250938,430709
365,3791920,2327457
366,4258762,22102774
367,7364146,2393756
368,6765045,3097100
369,3193738,3979528
370,8765219,24046804
371,8174285,1224813
372,3403638,1243056
373,7601333,7229462
374,6707735,1782420
375,7322718,38360428
376,3783162,19412970
377,6606,14942
378,3889280,1243056
379,3971137,20580823
380,3889050,1243056
381,799882,4129144
382,9508386,184382
383,6714817,35150457
384,3773700,1821227
385,3773568,18888563
386,9313974,1850689
387,6492880,5040298
388,4879013,6120181
389,3732094,1243056
390,873073,765012
391,234898,1230087
392,8533375,42146727
393,6854019,7980977
394,8418650,44340751
395,3732076,1243056
396,4608592,23880457
397,4862719,798892
398,668169,946910
399,429453,1224813
400,10124808,39455401
401,7459684,15938400
402,5992645,24563934
403,7917718,2020017
404,2986056,1243056
405,2011193,7675473
406,3768626,19310498
407,2026794,10392662
408,9154294,34665595
409,430610,165390
410,3231850,2744697
411,2976798,2066223
412,703058,1611114
413,7826541,41209589
414,240920,946910
415,6655233,20567228
416,9866461,22969709
417,7957729,11904909
418,1428687,7290828
419,4803403,24745881
420,11012,14942
421,3888924,1243056
422,8842808,46308811
423,1114695,165390
424,1715582,9046761
425,6704734,35097157
426,8555098,45032290
427,1214316,6137030
428,7325455,24017361
429,6325685,17935405
430,9596,14942
431,9568491,22100785
432,1747184,3904755
433,8653843,43818412
434,6727729,5887608
435,3888986,1243056
436,4135710,3979528
437,3652434,12806968
438,7667990,38039499
439,4047058,10061445
440,7163934,35804562
441,7717478,18229030
442,4653552,24087447
443,6915439,282560
444,506542,1414691
445,4046863,10061445
446,3915826,1252862
447,4787415,14282414
448,1602488,8539521
449,8459215,44528586
450,10274175,37483726
451,9167786,956883
452,5686435,5072241
453,7939058,19839856
454,8392801,5570496
455,7404370,28648670
456,3720511,6117728
457,8193332,9318707
458,7957904,41969815
459,4555997,18342756
460,2267088,9560339
461,108468,561271
462,6400379,26130164
463,5948003,24429939
464,5058086,10194168
465,1209255,1303314
466,1914051,9232171
467,2923529,14926558
468,1027860,34943
469,2373176,9232171
470,6404427,1262470
471,8517602,13870400
472,7035240,685350
473,4583161,1511749
474,7967844,2425448
475,6562393,34002693
476,7807087,1649939
477,5405643,10952315
478,7011200,23353091
479,610989,3029318
480,7839535,26130164
481,4814894,24796943
482,186328,895223
483,7492877,39243231
484,6576228,34397733
485,241016,956883
486,6968101,15792177
487,5648564,24091986
488,4116645,21265939
489,2419879,8539521
490,6425735,12322681
491,8105351,23583849
492,9136499,3761409
493,3639023,18362115
494,6724599,18394291
495,4211629,5707983
496,7151924,361961
497,704764,3620313
498,1796217,74305
499,4661812,5038407
500,8811945,43606065
501,1090307,1722314
502,15108,39377
503,1882316,1102542
504,1095207,2673397
505,1343805,3939559
506,9217150,33931765
507,103920,541406
508,2215336,11299221
509,1483944,7940700
510,6466129,16637594
511,8536441,25138851
512,6262987,32546254
513,8379081,44157998
514,8365938,44092821
515,9921445,31148752
516,132160,558743
517,2033191,10437300
518,8849407,8815032
519,9922335,31148752
520,7243974,5720753
521,6490453,4540636
522,4025593,20871317
523,8556103,45036461
524,955506,357277
525,9868607,41736327
526,8668073,1963437
527,790860,4186082
528,261912,558743
529,368403,4186078
530,9878971,17269911
531,5602370,11839982
532,9395217,38805374
533,7331079,38407350
534,580182,2854774
535,8152191,43039185
536,103908,541406
537,783061,4129144
538,7901725,27323526
539,4968752,25616243
540,14386,39377
541,7517215,39385924
542,1602421,39377
543,3821822,19660469
544,6073437,26768070
545,7917700,39385924
546,6278181,32546254
547,4279578,22218808
548,9907337,50943410
549,1796861,9423731
550,4211836,8904803
551,4025954,20873639
552,6154478,31926188
553,84030,292232
554,4235559,21979271
555,830948,4133860
556,3468261,17473989
557,10026648,36997320
558,9117633,20081759
559,9158383,28110320
560,1145590,4133860
561,5020848,23539107
562,9600159,23993115
563,3522409,13784525
564,9492873,46595747
565,5534463,19861136
566,9409233,48789316
567,9531265,337474
568,5364609,15171111
569,6629132,34700838
570,5489676,28304516
571,9347157,48509183
572,10035644,5246897
573,8293287,295367
574,910784,1845764
575,7071222,937951
576,8687716,8956137
577,7430679,38922755
578,180939,867039
579,6884604,1414691
580,7397476,754810
581,1063855,867039
582,8865006,20578709
583,8069192,1984006
584,2800448,8614915
585,9076287,16975412
586,7462439,6678025
587,8225635,754810
588,2966415,15135436
589,4639465,11587678
590,7402190,21730644
591,9448719,12882903
592,5670781,5420191
593,1905473,9890727
594,7266662,398234
595,9095510,16975412
596,7401854,21730644
597,5174876,26766503
598,1256883,5267359
599,8072850,9126744
600,6706377,3252192
601,9738522,754810
602,2995996,2781551
603,6674408,11346794
604,6801095,14386120
605,143704,696788
606,9258305,22740411
607,3727017,19039209
608,789966,598892
609,6864319,2108094
610,1539463,5312600
611,9591787,754810
612,10279830,486018
613,1956553,10112910
614,7396508,754810
615,6272065,15436286
616,7072218,36623453
617,7075948,37101658
618,7543458,27128557
619,3769336,18423248
620,8666707,45189332
621,7205443,5267359
622,193371,937951
623,9957555,351623
624,6795678,17986403
625,9300972,27339584
626,8047522,754810
627,9457328,23093151
628,6576006,27339584
629,7971334,20820841
630,1984962,8956137
631,9292039,5267359
632,6661617,5946086
633,8848854,6758953
634,3251069,2108094
635,4111137,5079733
636,4760472,6047879
637,8968925,8540901
638,3293438,16639011
639,9210978,43014741
640,3319386,8110932
641,7717813,40550531
642,5578943,26630462
643,7660932,13960065
644,4271221,22176009
645,6358605,26737345
646,1439237,7730805
647,7775167,9763076
648,7437784,4143171
649,9628972,49799519
650,8425013,658155
651,6925807,35935774
652,7400955,37224930
653,8174389,43141994
654,6292452,3431955
655,9095668,45025312
656,413733,2057654
657,8783900,46041428
658,639130,3187723
659,2484067,4143171
660,3533112,17787500
661,2249292,10136334
662,7838294,4608651
663,6133354,13042181
664,7987836,1276476
665,9910025,21223543
666,7364024,14196478
667,9362082,406209
668,8847108,5976789
669,7462428,16718874
670,4370312,1142416
671,4053972,2325108
672,6209191,32197370
673,10123910,28991907
674,6412858,3929874
675,3987838,20671912
676,7027507,6727475
677,6587443,3929874
678,10204689,27761130
679,1029680,3322742
680,7208439,10104021
681,8327765,16786048
682,3953611,6576807
683,2584354,12651381
684,4574700,23713302
685,5685646,29480224
686,977722,5282519
687,2931922,3074414
688,8253955,8350163
689,6426462,3074414
690,8154238,1243056
691,5020861,1324474
692,9611409,44101586
693,9282348,48203627
694,8939306,26967583
695,5423692,11613383
696,9159975,37461306
697,7561272,26967583
698,7326419,28715163
699,9373607,16820220
700,6717555,34472831
701,8939433,26967583
702,8939503,26967583
703,8742753,19381151
704,8939687,26967583
705,3793406,881457
706,9134196,23502285
707,6007267,7178350
708,3422894,1037114
709,3630581,3074414
710,9394508,2911360
711,7348578,26967583
712,8869680,8026420
713,7678429,40321471
714,2979387,14456173
715,1531458,3074414
716,1549973,3074414
717,1123977,2051621
718,5719631,3074414
719,9580209,2911360
720,9364220,23502285
721,9663221,2911360
722,9636952,2911360
723,8594059,621691
724,6278756,32640082
725,3679617,3074414
726,9416551,2911360
727,8322107,41323391
728,9511676,20847926
729,3158243,3074414
730,8327124,658155
731,4311078,430709
732,3329962,3074414
733,3263071,3074414
734,7302675,38251968
735,6250399,3074414
736,7387294,28715163
737,7363462,26967583
738,6796336,35574532
739,8156894,1243056
740,1150519,6305984
741,5969872,4901731
742,9617068,13267774
743,4438188,2277537
744,1521633,3074414
745,6623079,34664295
746,7561254,26967583
747,3494608,17595871
748,3085726,3074414
749,2256124,11521444
750,7071021,3074414
751,9465815,17170275
752,6938103,11613383
753,6913414,8635747
754,3706719,3074414
755,8174626,16756919
756,1571230,3074414
757,4270642,3074414
758,5407311,3074414
759,9976135,38224565
760,9558353,2911360
761,7247767,37952534
762,7035077,36882932
763,7353834,3074414
764,9319891,2911360
765,6575407,20181500
766,7550234,26967583
767,8939736,26967583
768,7247720,37952534
769,1786923,3074414
770,7649837,11186435
771,3610724,1204406
772,7988337,12356916
773,1773803,8026420
774,7536074,39485528
775,3770248,3074414
776,9097754,47432674
777,3291295,228678
778,8171726,43124221
779,10031055,48196470
780,8939595,26967583
781,8155580,1243056
782,6705584,3074414
783,1417880,3074414
784,7245692,37938910
785,7153101,37461306
786,9014572,19381151
787,585418,2225735
788,4484426,3074414
789,3291777,3074414
790,3096191,2911360
791,9865846,22302229
792,6249536,3074414
793,5744931,16756919
794,8156764,1243056
795,3303857,3074414
796,8155710,1243056
797,3843706,19811465
798,8156860,1243056
799,9316399,27711842
800,293890,1520116
801,7915432,26389600
802,7501583,38023946
803,10126050,41612343
804,7807658,41099211
805,1589461,3074414
806,9303530,2911360
807,7809718,601236
808,140331,683617
809,9462315,3240797
810,565703,2781551
811,1147349,6162459
812,7262358,38014746
813,723723,3740695
814,4757025,8993600
815,3334052,937951
816,7036707,33203690
817,5272327,828164
818,3921664,20314969
819,9974658,3740695
820,2727984,13960065
821,794633,2012892
822,3959442,20519441
823,6761267,35396029
824,6824408,5325813
825,2526129,12935059
826,7859906,40861497
827,9636248,22267748
828,4623541,23946949
829,1970725,10175895
830,4418480,9929496
831,911001,1635606
832,6670332,20758898
833,1249060,2575305
834,1566487,8201710
835,9711153,43229398
836,444221,2203746
837,1018204,2203746
838,4856986,24986285
839,2130652,10870042
840,5524530,9555890
841,9216874,28723135
842,7971395,42063487
843,2593263,8932486
844,443580,2203746
845,1614502,8594245
846,4477426,5680459
847,7648716,24986285
848,9696912,3975133
849,3585592,15450521
850,3757858,19196841
851,7219838,23270234
852,6022715,1459013
853,7685745,14387226
854,4565370,4349190
855,4783817,8570233
856,2593176,8932486
857,3143227,8932486
858,1214306,3894778
859,9448215,48441443
860,9369481,48441443
861,3533224,8303342
862,443736,2203746
863,6675927,11346794
864,1772119,9555890
865,7808495,1675559
866,4539948,8200345
867,7768727,40861497
868,769213,4057441
869,5328449,1870462
870,1763809,8932486
871,1499596,273088
872,4737727,5365080
873,8242212,1551432
874,8186781,16882707
875,7229015,37373833
876,5814207,23259103
877,2274086,11610220
878,4387985,22737225
879,9909445,15438773
880,7664899,3521745
881,4773614,2161126
882,3946674,4349190
883,8616488,29755473
884,7518316,25084775
885,5259194,27128557
886,9256702,48088339
887,9240289,48025941
888,2032805,9555890
889,3751503,19196841
890,7581974,24986285
891,6558980,7219180
892,2399736,10870042
893,8674765,41879983
894,6004165,29448972
895,1826155,9555890
896,4857192,24986285
897,7748905,11769189
898,973859,5325813
899,6716380,2544050
900,7953211,13240442
901,5241773,27128557
902,3144597,5872109
903,7698916,40439185
904,7305969,38271728
905,5069495,20783903
906,1817878,9519939
907,4430381,1732181
908,6528192,34143590
909,3177005,7076008
910,4430233,1732181
911,670009,1650960
912,4577542,12850769
913,6764646,4006201
914,4256705,22034694
915,8812578,1551432
916,341454,1732181
917,8195629,43229398
918,2577625,13200012
919,555858,1650960
920,4814811,471246
921,9484823,48441443
922,660603,1635606
923,3940265,3894778
924,7500976,26736911
925,9516608,49310311
926,9712716,3975133
927,5813657,5325329
928,8884826,1608733
929,1978743,9555890
930,6091789,6367857
931,6165353,7719034
932,1244053,1675559
933,8508223,754810
934,6991188,2781551
935,7344117,38474213
936,9506766,49265281
937,6451305,6807326
938,7531405,28230503
939,9612147,49732402
940,666897,1650960
941,4061051,4366731
942,3394338,17124503
943,4238106,2205509
944,7350059,13158974
945,5262750,21006812
946,2802844,273088
947,3123632,15865967
948,3024336,6667088
949,8652185,36231919
950,10192213,32059522
951,3970736,16729336
952,4546924,2756070
953,2760901,7483949
954,3490239,16931768
955,3416217,15377123
956,5537833,28716982
957,8372562,12009714
958,8866960,23635078
959,3354614,16927095
960,8953857,46798170
961,7093738,32807985
962,5277900,19779189
963,1171574,4485958
964,1818754,9523916
965,74328,68641
966,6728017,12237174
967,2612399,4485958
968,2515795,12878312
969,7093910,32807985
970,4170863,19193158
971,7941079,30421068
972,1442973,386308
973,4396961,21649497
974,5859152,30421068
975,8555794,44891644
976,2112625,10771753
977,8814802,3329218
978,8273948,5544855
979,319768,1577903
980,1961671,10136334
981,3691288,18791339
982,8703557,41920475
983,8525338,44891644
984,8049470,42509172
985,1455908,7354398
986,8525825,44891644
987,3463245,7730805
988,4172364,21649497
989,3728802,19048175
990,6512378,34049026
991,785830,4142902
992,8616606,45328434
993,5078244,26225259
994,7921278,38245647
995,8016610,31672756
996,4468524,21649497
997,8424532,658155
998,6990882,32807985
999,4017140,20159192
1000,9489310,49182357
1001,8104742,32807985
1002,9407255,11656980
1003,6475289,25520296
1004,1377812,3695109
1005,9512909,49292151
1006,4432489,17571737
1007,7471629,8899401
1008,8067827,42612839
1009,4384095,21649497
1010,1351716,6592975
1011,8392661,44222821
1012,281208,658155
1013,7859909,1982828
1014,9416373,48823771
1015,1404307,1682544
1016,7480843,39170884
1017,877203,287172
1018,7037291,36896503
1019,7931386,41823177
1020,8173825,6179918
1021,6759104,22758930
1022,7619060,12194562
1023,7095802,36964583
1024,8103432,2405911
1025,3998922,20732089
1026,8922153,20488068
1027,5932882,30802218
1028,6187340,8206519
1029,8350401,30802218
1030,1273432,6931145
1031,2830174,3381463
1032,9370866,20488068
1033,8339303,7129890
1034,8107555,32090143
1035,3946160,20450031
1036,4061207,17530058
1037,113951,164430
1038,5102135,26300324
1039,5060388,9690840
1040,286712,1274285
1041,5463875,21685806
1042,4316910,22411484
1043,7093986,32807985
1044,4777832,24561026
1045,7429207,64929
1046,7664565,13200167
1047,5792683,20046375
1048,1856970,9690840
1049,4084712,21184497
1050,6411986,7431966
1051,9258687,7057436
1052,9426058,13200167
1053,9736801,38245647
1054,4297068,21640303
1055,8221520,33940698
1056,2387605,12194562
1057,8389809,44207072
1058,7048843,36964583
1059,879181,287172
1060,6423488,10199216
1061,7241905,26713142
1062,1246809,862329
1063,10273158,50550045
1064,5615620,10903708
1065,936484,4962900
1066,5415077,26547165
1067,938785,4962900
1068,934216,4962900
1069,6119821,31751507
1070,3385421,16255476
1071,5981343,21473544
1072,9706229,15787538
1073,8212989,31751507
1074,9444769,4411144
1075,5422159,26232234
1076,9532861,5241841
1077,3380159,8534462
1078,9294683,15787538
1079,8253456,3436665
1080,944237,4411144
1081,4165387,18168733
1082,9866984,31032640
1083,7179337,4411144
1084,9768655,3792761
1085,8015531,11845596
1086,991961,74305
1087,4597584,406456
1088,8035212,10903708
1089,8053396,42529996
1090,9634448,49825248
1091,2516391,2033580
1092,7581631,316200
1093,7067650,2822168
1094,706385,2070664
1095,6005443,9271799
1096,6883913,28179295
1097,6523393,6152910
1098,7922676,527224
1099,6766513,35425028
1100,682135,222538
1101,4678866,3973228
1102,708774,316200
1103,3158210,4400148
1104,1494828,316200
1105,7291403,748695
1106,7075357,7963866
1107,8000037,21059456
1108,1652097,7096991
1109,4660460,1146836
1110,1944596,10058153
1111,5593504,21788061
1112,7999692,21059456
1113,619366,2070664
1114,7999972,21059456
1115,3379116,14138534
1116,10272763,21788061
1117,10077121,20868197
1118,7536219,39486339
1119,4688603,23361637
1120,7936877,737618
1121,3627658,1403646
1122,6363779,13370163
1123,2693137,13782718
1124,7697340,9060841
1125,5707514,3501660
1126,7844444,41336393
1127,7481498,27128259
1128,535300,2347819
1129,68508,340192
1130,8294379,21022292
1131,9137487,19469036
1132,4481979,23255076
1133,5353512,11027707
1134,244499,1282652
1135,3316219,225845
1136,6613601,34609763
1137,7833113,5203265
1138,7439802,4335914
1139,10135378,52012565
1140,9330174,6601753
1141,9597415,10809449
1142,8831088,33698546
1143,7401671,24976504
1144,5330475,13508145
1145,8067001,7448641
1146,8829089,25855544
1147,8814555,30911566
1148,6852288,35905805
1149,6913706,8534462
1150,2387265,12195007
1151,48319,220013
1152,9885225,8534462
1153,8083242,42693473
1154,8704964,45697001
1155,6990477,8534462
1156,117862,595263
1157,7777219,40912620
1158,7203765,37718121
1159,7840228,8534462
1160,7438635,4335914
1161,9389755,37376726
1162,9151865,40912620
1163,7204672,37723023
1164,5579427,3497328
1165,6734621,33515006
1166,2263643,10043337
1167,4608208,23878721
1168,9999955,29652358
1169,3528627,17764753
1170,8048333,4726215
1171,8050642,658155
1172,7329805,38387642
1173,6848455,12648641
1174,9695233,1886540
1175,5164581,11266036
1176,2208757,11266036
1177,226536,209571
1178,176678,844971
1179,7050534,36944932
1180,8248970,22680126
1181,4824699,4299635
1182,3876097,10043337
1183,1260259,3009864
1184,8443952,3621132
1185,10068879,40415712
1186,8173487,43137237
1187,685600,3497328
1188,8483477,5894733
1189,10136155,5630551
1190,6959336,3497328
1191,5195064,11266036
1192,9961538,11266036
1193,8301680,43770930
1194,492287,2433229
1195,8029177,42393640
1196,7343707,38471924
1197,8882345,46478451
1198,7676574,5011779
1199,3354761,16929371
1200,3561237,16929371
1201,1831338,9577961
1202,1840671,9577961
1203,5559643,28822480
1204,8327083,658155
1205,8087037,3497328
1206,1696015,8956137
1207,6855839,29051256
1208,3345341,3906464
1209,4410493,4962900
1210,19619,74305
1211,7597244,39839653
1212,5736082,29745749
1213,3697351,18835179
1214,6958436,11653525
1215,9652574,10260570
1216,7109376,430709
1217,3534364,3010798
1218,6671901,22134250
1219,6370313,30283594
1220,9863484,6590511
1221,7249631,29051256
1222,9183838,46005243
1223,6222245,430709
1224,10292753,4874276
1225,7760836,15454102
1226,7324993,6568374
1227,5760902,10903708
1228,7035498,18947211
1229,8956631,35961304
1230,6766708,8534462
1231,6992696,16643290
1232,4264043,22134250
1233,6186081,4874276
1234,1472532,453540
1235,5900224,29824474
1236,9374358,48638331
1237,5874421,8534462
1238,8829474,8534462
1239,6228474,74305
1240,4637670,22965312
1241,3995007,15942582
1242,19611,74305
1243,10076279,1893411
1244,1200829,74305
1245,3673759,2617674
1246,206781,1002255
1247,988176,1623580
1248,3686556,18751883
1249,2881446,5506237
1250,9318853,5872728
1251,6328150,8422684
1252,2154617,4944541
1253,6658052,1623580
1254,6187841,4160438
1255,9371895,1118758
1256,4318031,5730719
1257,6364549,33164719
1258,8326940,1623580
1259,7826593,1623580
1260,8168476,430709
1261,6482984,33878833
1262,6316917,453540
1263,7922581,1623580
1264,4110396,19476601
1265,5446176,4962900
1266,4669377,24148567
1267,4151430,430709
1268,5446513,4962900
1269,3793185,19476601
1270,937370,4962900
1271,1833250,9435688
1272,902243,8243075
1273,4053644,3830187
1274,1084046,4962900
1275,8016481,4930653
1276,8811781,4962900
1277,4243163,430709
1278,4569115,8534462
1279,4464824,23165254
1280,9258513,1623580
1281,4190771,430709
1282,3543084,74305
1283,6263270,32099252
1284,7807169,4962900
1285,844939,4411144
1286,8890682,14891735
1287,3998984,20732434
1288,6315435,74305
1289,6704004,74305
1290,1797207,74305
1291,271509,74305
1292,10156116,119809
1293,4410789,4962900
1294,9577993,5681275
1295,9352620,15785677
1296,9532957,49380640
1297,8354452,42515980
1298,9497431,8534462
1299,217142,8243075
1300,1732280,4962900
1301,4240933,4962900
1302,443942,64955
1303,6489648,32842054
1304,8308386,4962900
1305,8227038,29803546
1306,2489339,74305
1307,8054892,74305
1308,1493197,74305
1309,4417792,74305
1310,5048597,4411144
1311,6278191,25804261
1312,8891577,8534462
1313,4163306,430709
1314,59827,74305
1315,9505340,49259789
1316,3992155,8616799
1317,8571518,24464339
1318,3820186,430709
1319,1084084,4962900
1320,257140,74305
1321,8956628,35961304
1322,8637174,13200167
1323,8815061,8534462
1324,4677524,24148567
1325,3139847,15942582
1326,6975036,36574415
1327,4151093,430709
1328,4256558,74305
1329,2110357,5486995
1330,8147986,31883976
1331,2905375,74305
1332,4257097,430709
1333,931154,4962900
1334,6370655,30283594
1335,4363919,430709
1336,8722230,1623580
1337,5019444,6671256
1338,931758,4962900
1339,301059,74305
1340,8815638,8534462
1341,7264667,38033593
1342,2068301,3844024
1343,8487843,18947211
1344,8608233,23267204
1345,5446156,4962900
1346,2691273,13671982
1347,7807090,4962900
1348,8306646,4962900
1349,9666446,46390650
1350,1055661,74305
1351,7806698,4962900
1352,24212,74305
1353,8027776,35961304
1354,6868378,74305
1355,7249508,29051256
1356,7544337,23312083
1357,19623,74305
1358,4210585,4962900
1359,5784320,4962900
1360,7347229,18168733
1361,4676275,10372748
1362,2489283,74305
1363,277416,8243075
1364,7699356,14859182
1365,5847934,430709
1366,9886971,8534462
1367,5446180,4962900
1368,4242626,430709
1369,3226793,8786233
1370,23430,74305
1371,2186330,4962900
1372,9477204,33524574
1373,5683765,430709
1374,9900319,50915624
1375,5691933,430709
1376,8829472,8534462
1377,5183938,8534462
1378,224763,8243075
1379,4520179,11981534
1380,9263252,1623580
1381,284813,1478274
1382,4402880,430709
1383,2660384,11845596
1384,6973790,4411144
1385,7116795,37283489
1386,9910189,37518072
1387,6854552,29051256
1388,1857141,9691769
1389,8668410,4962900
1390,8517235,44846373
1391,4311244,430709
1392,7616008,20493911
1393,4776823,15942582
1394,8082659,44907
1395,808134,74305
1396,8984454,10170629
1397,6403878,26002146
1398,8427254,1623580
1399,529090,2457842
1400,2392869,8534462
1401,5289293,15942582
1402,4783585,24148567
1403,286080,74305
1404,1601714,8534462
1405,9474025,22611417
1406,5459895,24689607
1407,7360078,38562686
1408,8843162,4252500
1409,8409750,32522941
1410,6033201,3630696
1411,5058302,24148567
1412,4264056,22134250
1413,1707064,6207
1414,8236094,37103749
1415,8072907,42645036
1416,4082986,21176908
1417,9138600,3792761
1418,7922197,1623580
1419,10235014,1075031
1420,4190689,430709
1421,3033913,15454102
1422,6362918,20493911
1423,2935486,14015217
1424,9031119,8534462
1425,5270886,4411144
1426,59838,74305
1427,7727428,40604477
1428,59708,74305
1429,1476298,453540
1430,6850007,1388669
1431,8922554,2309561
1432,7440415,30499792
1433,6490091,31668017
1434,9311687,48334442
1435,8103365,12707568
1436,631445,3139639
1437,6545773,584774
1438,8036985,41122913
1439,9699490,18874869
1440,4661374,23423764
1441,365550,1025723
1442,7777381,10666831
1443,1778989,4994370
1444,5031285,25971312
1445,5031383,25971312
1446,9685856,47836649
1447,208356,1025723
1448,9449062,48964209
1449,3552523,66145
1450,3487824,66145
1451,8501705,35826827
1452,10140582,17902178
1453,8068232,107542
1454,1709737,4994370
1455,9408991,10666831
1456,7110655,8758451
1457,9012948,3954802
1458,8372038,41209589
1459,2051658,5506237
1460,7506165,8534462
1461,7311407,4411144
1462,397117,391714
1463,4516960,22860305
1464,9089308,47394683
1465,934123,4962900
1466,3891695,8534462
1467,6514446,9058822
1468,9863312,1479707
1469,8805211,8534462
1470,7954781,41935728
1471,2944021,14980831
1472,4395349,430709
1473,3282000,16587333
1474,6687939,18168733
1475,6613192,34556161
1476,9900303,50913131
1477,7860710,453540
1478,7510776,8534462
1479,6773472,7728376
1480,7965184,37164701
1481,9183380,8534462
1482,9201292,8534462
1483,7332364,26498843
1484,9028315,37164701
1485,9939025,50913131
1486,8100190,4962900
1487,935671,4962900
1488,936177,4962900
1489,922986,4962900
1490,1200083,4962900
1491,935432,4962900
1492,604600,103427
1493,1251763,661691
1494,7517684,8554626
1495,607788,103427
1496,6278361,2392169
1497,936378,4962900
1498,7350870,37727926
1499,92835,391714
1500,4009508,8534462
1501,935862,4962900
1502,8187537,4874276
1503,10132385,3644622
1504,9516114,46423635
1505,2749725,14068321
1506,9813231,50550045
1507,8101251,4962900
1508,5201816,661691
1509,9329068,48416955
1510,8704438,12197959
1511,8052542,41122913
1512,4251426,430709
1513,6020744,8263503
1514,4251235,430709
1515,8093529,15454102
1516,654734,3294357
1517,3489083,10372748
1518,8691263,42446972
1519,3971934,8534462
1520,7732071,22501560
1521,1251813,661691
1522,10247453,8619798
1523,6740521,755725
1524,2955782,15082394
1525,6691324,23316664
1526,8568567,38404316
1527,1251707,661691
1528,10125020,40753107
1529,931785,4962900
1530,7763613,21153266
1531,9574602,74305
1532,9024838,8534462
1533,8427227,15942582
1534,6993019,13877700
1535,6746826,35324206
1536,3592838,18099944
1537,1954452,8534462
1538,1651324,8758451
1539,8016646,24243156
1540,6115704,31730119
1541,9237535,1623580
1542,2191633,4962900
1543,7451624,8554626
1544,8311242,11610447
1545,3977605,247975
1546,6344566,11845596
1547,2191169,4962900
1548,5213468,8534462
1549,9822759,13010672
1550,945645,4411144
1551,8193241,4874276
1552,6916167,12520715
1553,6941113,20069008
1554,2621746,453540
1555,449602,2232569
1556,1724849,9091378
1557,3868138,8534462
1558,8193054,4874276
1559,6807981,8534462
1560,1163345,6372203
1561,6436727,33601666
1562,8553556,37423892
1563,7389483,2405924
1564,1901706,1787819
1565,4137114,9058822
1566,5249093,14980831
1567,356608,1787819
1568,5270223,21818936
1569,7824870,27676513
1570,828298,74305
1571,8446347,44470118
1572,5989894,2775464
1573,7699495,7785901
1574,3270492,16537099
1575,5372156,8534462
1576,2933877,14980831
1577,4943016,3294357
1578,3624990,14980831
1579,7391003,32394807
1580,9922140,41319913
1581,10126199,35324206
1582,6752031,35354152
1583,1815304,9508208
1584,10211716,50550045
1585,3793047,1434203
1586,353039,1787819
1587,5218550,19962298
1588,7809494,41112217
1589,6627403,34689188
1590,8065715,23312083
1591,7431247,33852132
1592,9460,30832
1593,6993978,10969315
1594,9979329,50550045
1595,9061868,34779932
1596,1246769,1025723
1597,1107845,6082692
1598,1583047,4342525
1599,7735282,10558142
1600,7710713,7785901
1601,7735313,10558142
1602,8869027,46246090
1603,9781881,30016584
1604,6239907,8736485
1605,6315269,74305
1606,9318524,8534462
1607,6812415,2082490
1608,7118258,9742904
1609,8505421,44785869
1610,6246861,10558142
1611,7828222,2775464
1612,7533901,34779932
1613,3803947,8534462
1614,2943860,14980831
1615,7388225,4730169
1616,2620429,30832
1617,5036739,25999682
1618,2978929,8838512
1619,7699096,7785901
1620,4439293,9058822
1621,580815,1787819
1622,5315169,27532846
1623,3906076,20220925
1624,4566609,16110062
1625,9304465,15697627
1626,1136984,2230478
1627,6494181,14980831
1628,4494947,23316438
1629,9533648,43053036
1630,284087,721070
1631,2825852,8534462
1632,8817033,22061910
1633,9097503,38463938
1634,10211609,50550045
1635,1684236,8905591
1636,1159226,1787819
1637,9318440,8534462
1638,7884782,10558142
1639,9236961,48010503
1640,8065531,23312083
1641,8342429,43220022
1642,2149219,1787819
1643,7678814,9455871
1644,9432322,7612120
1645,4410544,8534462
1646,8129676,10100985
1647,4614955,9058822
1648,1043194,3294357
1649,8385687,22061910
1650,8579782,14980831
1651,9908825,50550045
1652,9530877,8534462
1653,8441263,21657753
1654,9530788,8534462
1655,3394936,14980831
1656,6882518,36063155
1657,4031625,8534462
1658,4494948,23316438
1659,4616695,6350194
1660,4106041,8534462
1661,2532879,4105278
1662,4752817,24526173
1663,6808970,2082490
1664,1157083,3294357
1665,6226666,26568979
1666,9151374,37164701
1667,6807884,8534462
1668,1761870,7611812
1669,6949900,19415602
1670,5126446,26498843
1671,8341720,4308027
1672,8355276,22049520
1673,7920539,27122439
1674,7598743,33065911
1675,7916754,4283892
1676,7956227,41958382
1677,4706111,20803374
1678,8016309,37720556
1679,5793477,30055689
1680,2926776,2121640
1681,8443258,4308027
1682,7577073,204975
1683,6838418,34959604
1684,6852243,4308027
1685,9317101,22061910
1686,6555128,9858405
1687,6228959,1319017
1688,8446689,23709757
1689,8064351,42591641
1690,6662639,11401309
1691,3273240,13697241
1692,5957039,68389
1693,3449059,6372203
1694,789229,1872473
1695,4008373,8534462
1696,5913611,12433067
1697,8310576,12590022
1698,4811583,24689607
1699,3333971,6372203
1700,4226386,21933958
1701,3497530,10372748
1702,8338155,41925688
1703,1080097,5941255
1704,4593740,23316664
1705,6747473,35326299
1706,3821663,6372203
1707,5021969,6372203
1708,4574039,23709757
1709,4105164,20695413
1710,2865992,14649444
1711,1205666,6584748
1712,5651254,2419057
1713,1594412,1288618
1714,7717653,32020176
1715,4808896,24768603
1716,7533537,6645576
1717,5978216,31036041
1718,6134382,20695413
1719,9813684,50554731
1720,9846066,46678624
1721,10122924,51946984
1722,1259305,6857832
1723,7452021,39026781
1724,193836,583579
1725,7902229,41667612
1726,3994397,9545321
1727,6744143,1729224
1728,6554352,34279441
1729,9186256,22764472
1730,9219567,47941400
1731,6278680,5407579
1732,5252543,23498834
1733,9296887,36448928
1734,8431178,2028319
1735,353347,791459
1736,838764,1201633
1737,7349029,38502645
1738,8194782,43225269
1739,8703208,40548312
1740,10339145,9893440
1741,3251016,16444568
1742,7513623,430709
1743,9521903,6146718
1744,4379551,19137950
1745,803902,4047435
1746,5686178,29483577
1747,8617043,16073490
1748,9545664,19387667
1749,7096547,21574650
1750,8784239,46042257
1751,3168651,3319942
1752,7776701,40912896
1753,5862552,22764472
1754,9696532,16073490
1755,6412566,22764472
1756,6578147,34411679
1757,4022127,5790470
1758,3265292,6349747
1759,3505739,1801138
1760,9174507,325970
1761,9796540,25516226
1762,3005854,15318158
1763,3898692,6614779
1764,7502246,1801138
1765,6002165,4634468
1766,4887845,21574650
1767,8132007,42941938
1768,10183490,37077010
1769,8170683,43121592
1770,5229971,3047418
1771,4597013,23827679
1772,3818746,33360
1773,6644854,3681393
1774,117165,559827
1775,5015262,325970
1776,3868844,559827
1777,7455068,5790470
1778,8102349,42415214
1779,6694276,3078136
1780,8373832,5570855
1781,426089,2118351
1782,7561333,3271389
1783,2638086,13364937
1784,10121329,6162826
1785,5324459,2287724
1786,233502,1215564
1787,7651148,26378802
1788,86185,192355
1789,2522091,12913415
1790,7665392,9835237
1791,1000883,5486919
1792,7563243,3740080
1793,251922,512084
1794,1225820,6530057
1795,353110,1788284
1796,4384800,22764472
1797,8538630,22764472
1798,5751177,26378802
1799,3124961,5014920
1800,6436772,33601572
1801,7499506,178552
1802,3403858,16791036
1803,746380,2942022
1804,7229743,25239442
1805,7547611,5029583
1806,2906694,13703145
1807,7454026,39037843
1808,4651974,19870914
1809,6847052,26378802
1810,1538865,8204725
1811,3061918,15566972
1812,7773851,983759
1813,2536507,5570855
1814,8409773,44299760
1815,7131797,37349992
1816,10331249,534587
1817,9883943,28943976
1818,6956938,5091410
1819,7869223,12967352
1820,7278583,34656171
1821,6796246,5091410
1822,5991734,23169254
1823,6515046,2942022
1824,8538420,43798906
1825,7800143,41055891
1826,7651602,26378802
1827,461567,2294267
1828,9736940,50236885
1829,210316,2438665
1830,4581124,15315685
1831,6403104,18478539
1832,7071331,1918676
1833,3883137,6933188
1834,9858690,9600245
1835,6657574,20765151
1836,566435,2438665
1837,226495,1037115
1838,9394485,37479633
1839,8116504,9783390
1840,80188,409899
1841,9696286,1918676
1842,7788695,30979808
1843,1289082,1037115
1844,3656508,18522959
1845,8119192,42873852
1846,5487653,15315685
1847,493591,2438665
1848,9534,31481
1849,6902752,36174062
1850,7902569,9484575
1851,9531,31481
1852,5759668,22764472
1853,17951,33360
1854,4030640,8607308
1855,4395654,430709
1856,6759046,35386308
1857,10020782,44977814
1858,1252147,110917
1859,5652705,33360
1860,9410043,17940762
1861,46022,205412
1862,4996554,8880117
1863,692080,205325
1864,153967,205412
1865,9328278,48414763
1866,8566242,1886546
1867,6567683,1801138
1868,6794702,35566596
1869,7746170,40716728
1870,157939,668141
1871,7459637,20935626
1872,6079131,30112460
1873,158953,205412
1874,8342968,4660603
1875,6512979,34051643
1876,7886656,4181260
1877,4378803,10571217
1878,7791010,41005568
1879,6452927,10281202
1880,8066883,42607918
1881,8209686,7231139
1882,8017832,6531875
1883,7988300,6531875
1884,2818292,14193441
1885,4910140,25284108
1886,9110730,8523373
1887,6762958,2695710
1888,8503556,34923136
1889,6448099,10281202
1890,4564730,12940195
1891,50233,230140
1892,3402376,3903203
1893,8782852,26707022
1894,9098494,3712110
1895,6977095,10571217
1896,6748502,35332502
1897,6823837,10571217
1898,9298045,28646378
1899,7988436,6531875
1900,9615941,2695710
1901,8631419,35332502
1902,8919070,46642481
1903,7836953,257237
1904,3281072,4793121
1905,10252110,36706828
1906,5958674,10281202
1907,8307502,43798906
1908,5958194,10281202
1909,4121334,18096695
1910,598023,2613029
1911,6958603,4016632
1912,7390195,38176125
1913,4271174,17380927
1914,3237501,16380844
1915,6438013,11583055
1916,10309898,30199365
1917,2134911,4122018
1918,5002964,6618367
1919,6780615,5177328
1920,2586642,1452570
1921,9490093,29698708
1922,1815472,6372203
1923,8566475,45084253
1924,10205366,43898988
1925,2919571,2328599
1926,1484651,7942852
1927,6327506,13407781
1928,3544964,17795956
1929,7763298,20448703
1930,5873892,20448703
1931,41401,180441
1932,6646985,15984289
1933,3582883,15984289
1934,6939472,15984289
1935,4518037,12389678
1936,3951768,1154803
1937,7007598,17774840
1938,7800238,41056418
1939,4581256,20448703
1940,4163851,7379061
1941,479653,2376549
1942,6647442,15984289
1943,7247518,36633617
1944,6831239,20448703
1945,108765,541908
1946,8174943,43144386
1947,6360895,3163979
1948,6363765,5325329
1949,6183330,32069664
1950,2612025,12389678
1951,7630155,18948070
1952,8118346,36633617
1953,6105021,2744582
1954,10299108,20448703
1955,6626493,15512043
1956,573942,30559
1957,9314106,48345118
1958,9814376,50557855
1959,9564093,49515693
1960,1652107,5325329
1961,609252,3018655
1962,942490,4705328
1963,8653722,45479019
1964,7562591,9029689
1965,9636238,49834917
1966,823989,12621051
1967,7596934,6288119
1968,6832592,25189700
1969,3922853,20321164
1970,9475641,12973318
1971,8718936,42627942
1972,9075558,7237936
1973,671828,3396093
1974,6660186,34859303
1975,716829,62386
1976,3916050,20283872
1977,2187906,6374498
1978,9091301,47402064
1979,9048584,62386
1980,7382368,11303992
1981,5278993,27327008
1982,8717758,42627942
1983,10299195,52990042
1984,7064681,6374498
1985,1935439,10014839
1986,5931372,7271601
1987,1984692,5525120
1988,4360604,20321164
1989,9712348,2897522
1990,7151107,18683496
1991,7935437,41846073
1992,6364753,1890330
1993,7952032,1744440
1994,6166307,7488822
1995,3282760,11948115
1996,6411259,15565015
1997,670262,3396093
1998,8411663,20731
1999,6926511,20266233
2000,9908591,2511908
2001,5640722,2696775
2002,6701018,394231
2003,3653575,5658605
2004,7647221,1340738
2005,3637180,3152296
2006,6215199,32232694
2007,714043,2796016
2008,3890990,5325329
2009,4038347,20283872
2010,523883,2575710
2011,4111954,6622693
2012,4693488,17469341
2013,5127136,26502819
2014,7674720,40298873
2015,8028801,8117374
2016,9050781,39878844
2017,178844,62386
2018,8034871,3041082
2019,3208330,2874117
2020,9492036,49196596
2021,4863533,15448291
2022,4360485,20321164
2023,8194286,43134999
2024,5524847,2608801
2025,9236814,6074466
2026,8483744,39833154
2027,609421,3018655
2028,3543247,17834927
2029,4567243,2855271
2030,749758,1397063
2031,4854767,24974793
2032,8129537,32725444
2033,5014835,10420224
2034,421168,2094547
2035,58503,157262
2036,7881802,3584237
2037,9562586,24713520
2038,10340165,42627942
2039,370361,1865986
2040,3753645,1135078
2041,3535171,3152296
2042,2037250,1865986
2043,2605975,4746283
2044,4825472,19992117
2045,5500398,28529868
2046,587584,2796016
2047,1220816,6659833
2048,354453,62386
2049,9576550,5388825
2050,3793790,17795956
2051,9013210,12033608
2052,9863457,50557855
2053,23356,91286
2054,6425537,33529240
2055,7921453,29543681
2056,8634897,45096683
2057,3604931,18165306
2058,6937492,36373396
2059,1048798,5774906
2060,613020,3040367
2061,9109293,47477765
2062,6215943,31108433
2063,4069543,6584748
2064,3986788,13976883
2065,3968416,20495686
2066,1806899,9469827
2067,6168769,1747753
2068,8187592,27329128
2069,1925661,9975709
2070,4760968,7740890
2071,3953365,18422078
2072,4909327,20338967
2073,7828509,14099568
2074,4903296,25243138
2075,1323634,862329
2076,571640,862329
2077,613151,862329
2078,278192,862329
2079,571651,862329
2080,7883181,14343317
2081,7718139,301107
2082,6572501,9843873
2083,4668327,9469827
2084,7636185,2777369
2085,6421243,8284327
2086,5580773,4183116
2087,8737284,27628925
2088,958475,5214978
2089,8605841,34321359
2090,7500728,39289896
2091,606297,862329
2092,9094366,30653236
2093,7096107,301107
2094,9496612,49220862
2095,8785768,1254153
2096,143580,594315
2097,611500,862329
2098,264829,862329
2099,1856851,9059113
2100,1317919,862329
2101,392140,3313235
2102,3139972,3404649
2103,10020221,8312164
2104,8759443,27628925
2105,6317449,4183116
2106,6416765,5779421
2107,5056580,193689
2108,6793490,5507055
2109,2069917,8284327
2110,3258585,11962516
2111,815017,3404649
2112,6610942,6327925
2113,5365612,27329128
2114,1556170,8284327
2115,2486612,6433045
2116,7748778,301107
2117,6872650,16838013
2118,7634011,36654052
2119,1898511,9059113
2120,8067053,42608911
2121,1872885,9759010
2122,6561379,34321359
2123,265901,862329
2124,392779,437055
2125,202174,58235
2126,7853358,24905439
2127,2197168,11206862
2128,4075152,3319535
2129,5593399,26135596
2130,366301,1849458
2131,6644628,3686989
2132,3593582,18104211
2133,6716620,301107
2134,6796066,1466280
2135,3977450,18422078
2136,793629,4181120
2137,9110410,12420261
2138,5705161,29481973
2139,8596938,45242470
2140,5364119,4448620
2141,6211882,29952162
2142,4374326,18422078
2143,7887651,29952162
2144,9013441,47064683
2145,7362757,8637044
2146,9609152,31148752
2147,4639040,73359
2148,2586350,2536735
2149,6482409,2536735
2150,8089214,15576272
2151,8409975,26967583
2152,8409926,26967583
2153,6107518,30129923
2154,9797000,50487726
2155,5242148,27129222
2156,3372535,73359
2157,995443,5468524
2158,3279728,16577139
2159,8446766,28830264
2160,9733841,50224557
2161,5852034,5934694
2162,1851837,9671018
2163,7324041,4716190
2164,4105081,16577139
2165,8474605,28830264
2166,5682,8993
2167,2737012,14004230
2168,8743202,5435488
2169,1003890,5507055
2170,8446120,44468692
2171,8153673,35408303
2172,7936712,36652734
2173,2642359,13266307
2174,6528342,13208087
2175,9820818,50586425
2176,8754180,3526468
2177,8904766,33923879
2178,3186785,16155674
2179,1885801,3302799
2180,8006745,42273230
2181,7013085,33923879
2182,6546748,29934463
2183,4526737,23315402
2184,3335,4193
2185,4735761,14316158
2186,1672979,2537803
2187,7388899,24302543
2188,8052307,14316158
2189,9068366,33923879
2190,6117473,4193
2191,8541389,43022479
2192,7745016,4193
2193,6557297,16155674
2194,1263470,4193
2195,7415378,16155674
2196,8849596,33923879
2197,7902382,26967583
2198,4772997,21191577
2199,4708075,24302543
2200,3859882,12516018
2201,4711069,10283735
2202,7713043,8663396
2203,174636,834328
2204,8195348,34238325
2205,7902068,26967583
2206,4832481,780837
2207,7902268,26967583
2208,4559222,12516018
2209,7902330,26967583
2210,6249164,780837
2211,5192122,10283735
2212,8901863,46564179
2213,2027236,8798441
2214,3673011,1859394
2215,6577295,19262538
2216,4384000,22759920
2217,3147706,15980816
2218,1900698,3118422
2219,4157572,21574975
2220,8886847,46498552
2221,3642289,17363808
2222,3022564,12086787
2223,2203983,11245279
2224,215882,971336
2225,491958,2431399
2226,190984,923095
2227,1599856,8527472
2228,1223644,6674981
2229,3246706,9077850
2230,1305009,4041295
2231,8952253,27811196
2232,4041868,14456173
2233,8845310,1119024
2234,7750477,40746071
2235,7938941,1007123
2236,2721575,6985440
2237,1738425,236709
2238,2471659,2824920
2239,6078382,8373933
2240,7585688,16838013
2241,3120652,9582031
2242,4922836,11775
2243,1433440,7703876
2244,2980762,15204387
2245,1733747,236709
2246,1455269,7804761
2247,1457330,2613169
2248,7420488,1119024
2249,8902887,2074144
2250,5175464,1135188
2251,7411863,15984289
2252,2856806,14604736
2253,693956,3550436
2254,5682316,4610250
2255,8597800,10657225
2256,4707171,3381100
2257,9138392,47593725
2258,7417852,1119024
2259,9597947,9447483
2260,7262142,32134569
2261,7615170,6092148
2262,609610,3022709
2263,8326413,2316284
2264,4833820,2226123
2265,7480196,750650
2266,8774504,31664755
2267,8627921,34946797
2268,788146,4154214
2269,9217446,47593725
2270,2016613,10371342
2271,2695493,13796401
2272,9063355,8575503
2273,7922663,41775435
2274,9415562,37052599
2275,9075656,47332984
2276,9710851,50133022
2277,1983713,10235544
2278,7363727,11604512
2279,10022421,51461746
2280,6274351,32609589
2281,777159,278781
2282,3922845,1731613
2283,674113,3401993
2284,8053128,30421068
2285,7534300,39472125
2286,1009838,923095
2287,9823290,50596206
2288,5194332,26869259
2289,841274,4133943
2290,8904748,46577793
2291,8734809,10553813
2292,7562331,1183674
2293,4461706,19862778
2294,3890786,19849450
2295,8474253,9813203
2296,5559063,58235
2297,4126284,4631742
2298,1209447,5008607
2299,4364285,4631742
2300,6716874,19862778
2301,4659824,2929444
2302,3677729,18681876
2303,1097520,6031552
2304,2898954,8053792
2305,826436,3976886
2306,774659,4111150
2307,3849918,19849450
2308,7382303,23630227
2309,5376433,26378499
2310,1750681,3401993
2311,7229312,658155
2312,2520890,12905845
2313,8391954,14589190
2314,797358,4199445
2315,7922013,41775435
2316,7956337,41775435
2317,2686659,13752921
2318,755613,3976886
2319,1758935,3401993
2320,8474294,9813203
2321,3904056,6453002
2322,7914021,2743047
2323,9364302,10397663
2324,8196883,919431
2325,7938153,110120
2326,2763078,4993638
2327,3258213,16477349
2328,7809455,12100097
2329,8409949,26967583
2330,2150760,10977007
2331,5424448,5976835
2332,1606171,8556853
2333,136480,539515
2334,4863369,13759287
2335,7547290,39525512
2336,5918259,30734210
2337,5804875,30115945
2338,8409941,26967583
2339,8409969,26967583
2340,9170870,5269812
2341,6168975,32005391
2342,7263506,38027634
2343,7037522,10936741
2344,1416763,7633740
2345,3726391,16477349
2346,10188794,50987314
2347,3488436,17566052
2348,1277033,1859964
2349,5241195,7633740
2350,2736961,1183679
2351,4716486,17179347
2352,7386675,38695481
2353,5240694,27122439
2354,8566501,45082636
2355,7402861,9614304
2356,741699,2535710
2357,6108006,13774169
2358,8409962,26967583
2359,5834820,21286518
2360,6741135,28066144
2361,6555393,9520139
2362,67270,331573
2363,7005538,12100097
2364,1827586,2323745
2365,7900497,23027452
2366,8157486,42931985
2367,4809486,3197009
2368,9849122,21274060
2369,9351911,9233051
2370,3993960,1214247
2371,8989807,25940496
2372,5299060,27054652
2373,3115801,15823970
2374,9153365,47653354
2375,10015967,33085192
2376,284480,1481380
2377,4916433,1355886
2378,1732441,1214247
2379,2652941,33360
2380,2809796,14372052
2381,9477539,49123244
2382,4479426,15320835
2383,8276416,8849839
2384,486344,2373847
2385,1980395,10220435
2386,7239217,37584695
2387,1328159,7207028
2388,5838129,30308997
2389,9664395,15060327
2390,4681687,1304769
2391,4264012,1355886
2392,445199,2211872
2393,7514366,22257381
2394,5236979,27101877
2395,8555304,2373847
2396,8847951,10952526
2397,3124383,13643895
2398,5863446,20331331
2399,9155422,12328574
2400,5047188,25465256
2401,5825701,4181260
2402,5499882,13024859
2403,7529124,39456755
2404,7995944,20435133
2405,5538874,10590193
2406,4941356,25465256
2407,7679928,11244730
2408,10385,35749
2409,4507137,23372237
2410,7653539,12197530
2411,5863558,20331331
2412,8472954,6561632
2413,7952930,26322633
2414,8556665,42724337
2415,5500752,13024859
2416,9048029,46719179
2417,4423130,22960405
2418,8473056,6561632
2419,2071305,10590193
2420,817115,247975
2421,6895132,36130869
2422,8255196,21889765
2423,5051529,26003146
2424,5337848,27663401
2425,20868,35749
2426,8385444,44186779
2427,637326,3178016
2428,6557767,34297010
2429,4869458,20331331
2430,5319948,5091846
2431,7638282,13424313
2432,11411,35749
2433,723846,3737272
2434,10104370,12683237
2435,5041669,26003146
2436,2197982,9931335
2437,10695,35749
2438,6005222,12197530
2439,3317940,14090176
2440,8099917,23972943
2441,8617171,15981902
2442,4181226,21691380
2443,7074024,28379912
2444,2729077,2911360
2445,7483750,38514732
2446,9030929,10421063
2447,1764233,3074414
2448,6218849,28379912
2449,4030600,1092756
2450,4637801,14540599
2451,2056276,9207095
2452,6214998,13527668
2453,9168049,724729
2454,10211928,10338296
2455,387464,1938802
2456,53867,187753
2457,3146212,15537536
2458,107046,554458
2459,4629020,23972943
2460,4324317,10556219
2461,6629278,29230696
2462,8958290,2152222
2463,6676926,1691632
2464,7934356,37062229
2465,4701141,1092756
2466,7274556,17309989
2467,9186681,47795073
2468,6907671,33899676
2469,1534622,3074414
2470,6627129,34409892
2471,1750010,9207095
2472,5805162,673805
2473,1136522,3074414
2474,4892529,9207095
2475,2420536,12367587
2476,6612940,34605512
2477,5471427,28379912
2478,8714974,1131945
2479,8101791,23972943
2480,6599960,33676845
2481,8002965,25330374
2482,8715320,1131945
2483,9632775,2911360
2484,5413564,28062101
2485,5340242,3074414
2486,3676779,12342766
2487,9157232,724729
2488,4208555,20442522
2489,7026898,36474358
2490,3766055,19292422
2491,8091417,5791843
2492,8253758,43526078
2493,3126153,9207095
2494,3434459,17309989
2495,7245586,724729
2496,5959816,28772841
2497,3852117,9453180
2498,7350992,17179567
2499,3812725,1092756
2500,4288801,19292422
2501,5473498,28379912
2502,5057466,25041496
2503,1541705,3074414
2504,7110923,3787979
2505,9067268,724729
2506,7500000,39284820
2507,2556794,8266794
2508,6348159,429330
2509,5941598,30845951
2510,3206305,6549712
2511,3531616,16835162
2512,3404700,17170773
2513,533443,2370749
2514,6214517,9555983
2515,8036620,42436525
2516,8152764,9951683
2517,6837751,34219060
2518,2459519,12575330
2519,4940379,25460065
2520,2413338,12334975
2521,2332949,640731
2522,6543683,34219060
2523,4340410,5275075
2524,7003848,7637853
2525,3479851,17482326
2526,5104918,9555983
2527,1386306,2409388
2528,486829,2409388
2529,3604904,6432638
2530,1450262,7782878
2531,9995551,38387186
2532,8849095,46337971
2533,7742525,2409388
2534,4550199,23591558
2535,2822984,14441471
2536,202260,990195
2537,8597687,26225330
2538,2309250,11792289
2539,7420339,38870313
2540,1742425,3948039
2541,4559985,18988566
2542,6304139,32552913
2543,2610187,3074414
2544,8508341,18988566
2545,7327623,38387186
2546,2412633,11024255
2547,4205026,2409388
2548,7858454,24843788
2549,9299824,31148752
2550,656909,2409388
2551,6728419,17034883
2552,8766231,2766687
2553,9110560,26475960
2554,4599119,2095307
2555,10043487,51554113
2556,3646393,579854
2557,6537432,34189648
2558,1950446,225845
2559,9519968,2458745
2560,8507062,30804330
2561,4454121,504978
2562,8505940,30804330
2563,1012003,5567436
2564,7024684,5787050
2565,6938542,5787050
2566,2350464,12002224
2567,10281965,2458745
2568,63308,308927
2569,3352685,4184301
2570,9368950,48610456
2571,6386210,7118717
2572,2385623,12002224
2573,5006092,25816390
2574,7070169,22449579
2575,7988792,42050147
2576,6335327,21404681
2577,3858725,19903240
2578,385438,1929300
2579,3615614,18218129
2580,8339580,43958809
2581,9480029,40032160
2582,139463,680066
2583,7957689,40433574
2584,6646894,34596895
2585,8907548,46590482
2586,3551668,17206245
2587,2357110,7317822
2588,7784802,19853296
2589,10210625,52463088
2590,9137469,5820099
2591,6032726,31032387
2592,7802266,3378506
2593,10250735,29543440
2594,7496485,26124158
2595,7638263,39401590
2596,7421950,38879108
2597,8356608,40134785
2598,1354750,7352976
2599,2687172,1396743
2600,3498114,17613151
2601,9580021,9840816
2602,9994758,51344613
2603,10035274,1149264
2604,8369321,44110991
2605,7500191,12951431
2606,6870575,10558142
2607,8594717,39743771
2608,134091,658155
2609,8473625,44623605
2610,258571,934641
2611,9473967,42537846
2612,890677,4729705
2613,4211081,1379358
2614,7843995,10558142
2615,9494623,42537846
2616,882274,934641
2617,3594885,5164455
2618,1768883,9263662
2619,948077,365687
2620,4841586,24916371
2621,5640214,19361478
2622,9011350,42537846
2623,5695717,29529103
2624,4718921,457358
2625,557126,2739131
2626,8053554,42532112
2627,2488228,12736784
2628,6865200,27849260
2629,8779676,6046471
2630,9929059,10558142
2631,8919372,21935332
2632,8257837,340192
2633,4607830,20783903
2634,1545801,7317822
2635,4129218,19294641
2636,6390214,14683624
2637,9757138,30318175
2638,7872980,23352555
2639,458191,50893
2640,7725597,40594184
2641,4660517,12361167
2642,3426639,7354306
2643,6118359,8977034
2644,7665114,18999958
2645,281789,31509
2646,3930270,20361123
2647,9016362,46325167
2648,7987846,41379323
2649,3803212,3543490
2650,3424991,7354306
2651,752483,450548
2652,1897000,2498708
2653,6349598,22886966
2654,4809601,24772144
2655,9137398,5820099
2656,9137075,5820099
2657,1100714,6046471
2658,5977556,31032387
2659,1090449,2739131
2660,4199019,7673693
2661,1520593,1243056
2662,1928010,8315334
2663,7177194,17433748
2664,7635966,2683918
2665,6325283,32916088
2666,6644796,6590511
2667,8053921,11972863
2668,841049,555957
2669,7128310,19799874
2670,7718203,8136493
2671,9774404,18746557
2672,7789438,2594393
2673,7775663,8759150
2674,8014547,42317546
2675,1716901,3650951
2676,6477225,7673693
2677,2217257,6397518
2678,7580593,1202954
2679,1828232,9565783
2680,4725935,7354306
2681,9061439,47267675
2682,6545602,1243056
2683,2688555,7673693
2684,7984550,1243056
2685,6561753,1243056
2686,6561811,1243056
2687,6545246,1243056
2688,1520501,1243056
2689,5618094,2886900
2690,279063,1382925
2691,5030361,25966380
2692,6779893,35492206
2693,796594,4196404
2694,1030615,5090190
2695,6328923,32940818
2696,7050492,24336313
2697,2418658,12361167
2698,387078,1121532
2699,10012724,50201633
2700,6768768,769622
2701,338043,1717589
2702,4701205,8306329
2703,338091,1717589
2704,7235573,37883624
2705,7579854,39743771
2706,1525972,286545
2707,3626497,13546271
2708,8102064,42782914
2709,447488,450548
2710,835149,555957
2711,3759039,19245041
2712,6131411,7673693
2713,4679983,1393266
2714,7821003,11698717
2715,9939359,7696606
2716,9494946,42537846
2717,745099,3907188
2718,8054518,20242835
2719,1141226,1787819
2720,9866909,555957
2721,1790020,1382925
2722,4277026,1969207
2723,4082250,753818
2724,5637990,1346749
2725,2909809,3551193
2726,1356339,1121532
2727,3884805,20089918
2728,5395530,27967988
2729,10295151,32689598
2730,6481695,32940818
2731,5660792,5215312
2732,7435912,14943694
2733,4768038,24596657
2734,1416279,3586338
2735,9970609,807116
2736,6835466,4433456
2737,3418230,1445691
2738,9843421,12934911
2739,3543791,7325453
2740,3552006,17881151
2741,7149703,19799874
2742,4526943,23468733
2743,7557951,39607395
2744,4808173,24165555
2745,4404126,10764824
2746,7902137,2460676
2747,8453633,30322585
2748,2004931,8534462
2749,7179783,5662531
2750,7241235,37913323
2751,6249458,32433212
2752,1537246,7606108
2753,841140,2496518
2754,1961950,31509
2755,8735996,45834046
2756,1220471,6657721
2757,7369,19425
2758,9137899,47588576
2759,4831200,11946408
2760,1562643,8315334
2761,7871807,41487433
2762,8116395,21195629
2763,872152,50893
2764,719233,934641
2765,6216116,32238651
2766,9386509,42537846
2767,1686958,8904778
2768,8106277,24916371
2769,5422881,26326126
2770,6812054,35662043
2771,5067177,7354306
2772,6689259,24916371
2773,4231670,9499722
2774,6951415,1363490
2775,7666155,5551020
2776,8934054,41379323
2777,7601766,39863754
2778,6954984,5260336
2779,8339428,31669424
2780,5160893,26690621
2781,7616507,900531
2782,23192,90437
2783,9494415,42537846
2784,8241019,3246928
2785,4652918,1243056
2786,7618526,10981612
2787,5930806,30793403
2788,9407989,48784263
2789,6823597,35740581
2790,5537446,8688905
2791,9436832,595610
2792,9133711,5820099
2793,10157690,24336313
2794,1122236,1121532
2795,4906490,1380838
2796,7773668,20983122
2797,458197,50893
2798,458193,50893
2799,458186,50893
2800,458183,50893
2801,941467,5090190
2802,1039766,5724883
2803,5078876,13309620
2804,5242712,9455871
2805,1539476,5425175
2806,8626068,21259382
2807,8150395,374596
2808,4824435,24693226
2809,4250639,430709
2810,3652612,3839959
2811,3570691,30604
2812,5495802,20361123
2813,8106263,42537846
2814,1204142,3896863
2815,6769696,35444474
2816,6118291,8977034
2817,5593981,16685525
2818,9970805,807116
2819,8673979,30667344
2820,3404914,7507895
2821,4782745,24659319
2822,4848255,24902894
2823,2194715,11194155
2824,13068,50893
2825,9137335,5820099
2826,6659301,34370759
2827,5479566,10397429
2828,8273031,43608606
2829,7363701,19033543
2830,7984738,1243056
2831,3930681,7953876
2832,7518794,16159031
2833,8755762,45917623
2834,7535055,13835487
2835,4241862,22011088
2836,9509279,49275349
2837,6822322,26394059
2838,2628010,106700
2839,4077920,5804983
2840,10157880,20655766
2841,4766173,1592704
2842,5946151,30868481
2843,2970666,1121532
2844,7308331,658155
2845,3946631,12166491
2846,7329915,38351432
2847,6436976,21404681
2848,9328692,42537846
2849,9117301,31509
2850,2898401,3001712
2851,8193516,42047742
2852,3766285,1353882
2853,1520581,1243056
2854,1349175,1445691
2855,5633607,4810767
2856,9836113,42537846
2857,5510720,10853410
2858,6837819,3675357
2859,8050232,42419614
2860,9386179,42537846
2861,4184211,5806502
2862,3732949,3483514
2863,1348777,7317822
2864,317248,658155
2865,6182715,32069191
2866,8943380,34225247
2867,6076158,31509
2868,384797,50893
2869,7901318,1839610
2870,7614244,900531
2871,458189,50893
2872,5386937,27919460
2873,8684315,45601796
2874,3412630,17206245
2875,7054225,1025556
2876,1775016,8315334
2877,9835920,42537846
2878,4223597,17206245
2879,1976382,1121532
2880,3396140,7613050
2881,1782140,9354671
2882,430453,1393266
2883,1633986,1797680
2884,9507115,42537846
2885,8926060,12197959
2886,1520449,1243056
2887,7697170,658155
2888,1511620,1243056
2889,9411935,10944157
2890,1355094,7354306
2891,6305798,32276233
2892,4009295,8534462
2893,10334184,53065829
2894,1159111,1787819
2895,9368573,31148752
2896,3773417,1353882
2897,9327585,42537846
2898,6492056,8977034
2899,7073650,37087453
2900,9727857,50201633
2901,446276,884680
2902,208670,1022302
2903,8868833,46422666
2904,7180032,6565884
2905,9137259,5820099
2906,9252998,14342573
2907,7975026,41006774
2908,6278216,32532664
2909,6425652,33530053
2910,7228435,37691082
2911,9149612,24166838
2912,8251213,36383433
2913,5548982,66145
2914,9546633,42537846
2915,3272374,1717300
2916,7335567,9176068
2917,9563458,42537846
2918,7875887,23352555
2919,3394837,14980831
2920,4464795,23165079
2921,6927016,595610
2922,699596,3543180
2923,6387576,32940818
2924,8828781,4655433
2925,1198884,2230478
2926,9546508,42537846
2927,2386589,2604788
2928,9924107,20219487
2929,3386862,17088441
2930,9280767,5820099
2931,1520533,1243056
2932,9651755,49890833
2933,82763,450548
2934,9880665,6808886
2935,1762354,9263662
2936,2836237,149118
2937,5204475,21370071
2938,8741711,45859720
2939,3819831,13166405
2940,8267620,5889695
2941,7087957,37151043
2942,1520549,1243056
2943,9094872,9016477
2944,9414303,5295850
2945,26116,110248
2946,7874053,41500170
2947,6452801,32940818
2948,8340841,43963978
2949,9635943,5493132
2950,8046691,42494222
2951,9078843,41379323
2952,8799909,6291476
2953,387079,1121532
2954,8292326,38032048
2955,10339144,53208610
2956,5563136,11402413
2957,6079216,4570545
2958,8955477,24272378
2959,6424859,13309620
2960,7651702,14370535
2961,6210952,7673693
2962,9281758,20219487
2963,2875975,2085350
2964,7275027,38089313
2965,4318709,22422326
2966,6939106,36383433
2967,2727938,13574164
2968,7695195,5721704
2969,6445741,23084767
2970,7381005,4730169
2971,8724134,45787692
2972,4023177,20218854
2973,1589681,681242
2974,8524349,1212520
2975,9429399,45092482
2976,7089415,4532827
2977,8033438,5744697
2978,6836330,8021
2979,975179,5333441
2980,1956094,9337200
2981,9619737,19295720
2982,9463729,6807347
2983,8866331,19295720
2984,5457260,4431710
2985,8594406,12219592
2986,8484705,1658653
2987,7714585,27603433
2988,218741,468703
2989,8551871,38370991
2990,8567933,45092482
2991,7934963,5744697
2992,6481764,33271187
2993,8426827,1212520
2994,7771531,40879225
2995,37234,160789
2996,2060441,287962
2997,2158992,3291162
2998,8608414,941389
2999,5619397,5333441
3000,4144767,430709
3001,1301535,468703
3002,3882930,20076237
3003,9186481,31916919
3004,5364244,25274592
3005,4127196,21409235
3006,30712,107605
3007,5632713,17224304
3008,2396734,8403307
3009,4616634,23916634
3010,1175308,6432543
3011,3157738,9365736
3012,8866927,18687921
3013,3657819,15056324
3014,8212190,27603433
3015,9030406,31148752
3016,6884820,31490741
3017,6821407,6577391
3018,9563749,31490741
3019,6474341,31669424
3020,7038750,8021
3021,7824929,5884790
3022,2277640,4630668
3023,5620306,29133654
3024,9693971,50064236
3025,4739190,5525234
3026,5219336,27003863
3027,2298775,225830
3028,7455706,21129876
3029,1142039,225830
3030,3563218,17940872
3031,7789264,3365116
3032,6935953,36364039
3033,3441402,383230
3034,921571,4955103
3035,5205984,26390906
3036,5352741,27003863
3037,1461971,7697138
3038,6690388,35017566
3039,1190571,6506114
3040,231097,990692
3041,149489,586610
3042,3703121,3768176
3043,3004007,1382401
3044,3870937,19333511
3045,3242247,16405627
3046,6350606,8522646
3047,8131762,4950263
3048,9345786,40638620
3049,6741526,1891850
3050,6101613,10283735
3051,1190224,6506114
3052,8704931,37525888
3053,9591718,49644871
3054,9432497,48891432
3055,7931111,11530062
3056,5031357,7942577
3057,6603376,17740302
3058,3861673,19928221
3059,461234,1870781
3060,3510818,5635244
3061,6245498,32426630
3062,6557018,31669424
3063,170469,756099
3064,7873789,1645336
3065,6691873,33705141
3066,7638689,5137566
3067,5968862,25602333
3068,260613,1387754
3069,4718820,18522959
3070,6897639,21178519
3071,1023693,5635244
3072,4438871,16441896
3073,4438160,8608392
3074,7870538,31669424
3075,6153532,2334189
3076,488268,2364414
3077,6375415,33225983
3078,4429898,1030035
3079,5991139,31106716
3080,6130287,31800457
3081,1623894,4194079
3082,6453383,19338313
3083,25002,102684
3084,5183164,4359532
3085,10235136,52603251
3086,2352218,12012741
3087,5695344,4359532
3088,5403847,28011170
3089,1187735,6494908
3090,8976178,20380795
3091,8717068,5474268
3092,9717757,41222154
3093,3308825,13827169
3094,8921924,6033000
3095,2260626,11543719
3096,7635496,9320574
3097,8086294,4328101
3098,1097766,6033000
3099,4950847,6223513
3100,670056,3393825
3101,7069080,6223513
3102,4701146,24301524
3103,670021,3393825
3104,6813623,3969704
3105,3208667,4328101
3106,10332096,53169216
3107,4951079,6223513
3108,9233533,469819
3109,6782993,6033000
3110,8340819,43423039
3111,4024844,595074
3112,5397134,1783367
3113,8061699,13439814
3114,2934389,10453254
3115,9316009,21420064
3116,6652199,34818440
3117,7948034,38414268
3118,4291,35749
3119,7018009,6885026
3120,7661577,40215306
3121,7418814,7274409
3122,4825073,632896
3123,9961388,48253149
3124,8923774,11984004
3125,7405128,38805757
3126,8953255,46795487
3127,9410302,15109393
3128,8559462,3819432
3129,9901852,8784863
3130,1145941,4351330
3131,7802149,15188659
3132,3561108,17928378
3133,5310503,13439814
3134,4820795,24825213
3135,4664312,24134769
3136,2804399,14345711
3137,9733835,50225118
3138,9888395,7979440
3139,7201336,9730643
3140,4180905,6218633
3141,6603061,16969199
3142,8606766,36057637
3143,5163047,8786233
3144,8578023,14549389
3145,9939038,15454102
3146,9061048,47266156
3147,7603457,37355259
3148,5639238,29224641
3149,5362889,27322459
3150,7203408,34068092
3151,7885859,12737162
3152,10141859,2934286
3153,7762347,40817652
3154,544433,2612779
3155,9410128,48792894
3156,6276224,21979289
3157,5252515,5463707
3158,1622794,804996
3159,9171373,19289685
3160,8423118,44360796
3161,6248083,16255476
3162,7932696,14595660
3163,3215404,16285348
3164,9522082,11039803
3165,3040278,14860162
3166,9939740,15454102
3167,1071843,2612779
3168,4973204,25636571
3169,6584984,10534771
3170,9118240,21819122
3171,6971260,36552763
3172,3738724,1311683
3173,945833,5124845
3174,5261239,27233816
3175,4596493,5222362
3176,4310055,22372103
3177,3720429,19000707
3178,6956301,36383359
3179,6750430,24940969
3180,8373664,23792018
3181,6783394,1623580
3182,9332620,20693394
3183,6727846,21897232
3184,1321090,2612779
3185,10170744,24689607
3186,8503720,44772726
3187,6780670,1436798
3188,9370738,23792018
3189,1060467,5836283
3190,9516743,49310912
3191,6240501,28304516
3192,8150145,26504229
3193,8967776,46865668
3194,10000273,51372899
3195,9679301,25667310
3196,8690491,15433538
3197,7678064,36057637
3198,7798575,6218633
3199,4988679,21303244
3200,6093756,31477848
3201,7921289,3401560
3202,10108451,51875760
3203,8117705,42865055
3204,4324917,1628476
3205,5061566,26139245
3206,8575663,36057637
3207,8518308,7465403
3208,3562617,17937451
3209,7109735,24798041
3210,8501721,44767474
3211,5306727,15611795
3212,909102,1881431
3213,8608525,36057637
3214,170273,804996
3215,7075913,33915019
3216,481220,804996
3217,6961346,36501296
3218,9975073,51256001
3219,6517594,6950390
3220,10170577,24689607
3221,7680670,38679095
3222,5946675,26233645
3223,7162664,37512848
3224,6901218,26138574
3225,4951430,25523081
3226,7202016,37686877
3227,5538663,1100212
3228,363064,207419
3229,7809595,38206131
3230,9094836,47418921
3231,3039438,14860162
3232,8847979,21505796
3233,4047399,11654429
3234,66611,215230
3235,7279669,627014
3236,9716348,50159028
3237,9887142,50862682
3238,7007118,14098675
3239,5325809,8012712
3240,6342327,33030139
3241,555182,2222321
3242,6729818,35242626
3243,66540,215230
3244,8098383,6725021
3245,5930473,3352041
3246,47491,215230
3247,447523,2222321
3248,3961077,2222321
3249,52525,215230
3250,6811792,26003146
3251,7619727,18017462
3252,270370,1309213
3253,7221204,37801519
3254,6495424,33953025
3255,2737038,589855
3256,9034515,11949338
3257,8147215,14379739
3258,6376952,33236866
3259,10319529,19858764
3260,3613516,18207315
3261,8780704,45599307
3262,9714078,19858764
3263,1593991,8501598
3264,6239108,32381019
3265,2303981,1704479
3266,5104077,6358721
3267,7434103,13869873
3268,8233110,31148752
3269,6438099,10283735
3270,7650458,22065793
3271,7219541,37795322
3272,4092037,21223810
3273,475361,2342082
3274,6327662,32932119
3275,9679741,9281127
3276,2630912,197690
3277,6629657,24212314
3278,1340668,7271601
3279,8474584,394231
3280,9460991,49026546
3281,7066118,19660299
3282,4681885,24212314
3283,9154462,32932119
3284,3689416,6533205
3285,3263722,2034501
3286,5309974,1144724
3287,1793138,9330646
3288,8371720,24981440
3289,8310249,35316923
3290,8310398,35316923
3291,158345,759949
3292,173896,830508
3293,6759038,35316923
3294,9138923,21149225
3295,6018416,9817041
3296,1777158,9330646
3297,5364414,14049461
3298,1856253,476303
3299,6994406,4343945
3300,1488166,1212520
3301,463768,1210993
3302,4334804,8154571
3303,9331145,10996259
3304,7389248,14569119
3305,1022135,5387574
3306,1219691,6654033
3307,7969698,15312585
3308,7403174,35643829
3309,7368599,11279708
3310,1692318,8939715
3311,5950957,27816227
3312,315120,1618021
3313,3925572,20337955
3314,5308339,17476632
3315,8426749,11279708
3316,107962,112093
3317,9220485,15312585
3318,8446541,11279708
3319,9675736,49993495
3320,7534812,1274285
3321,7839723,1274285
3322,3209964,16264139
3323,5607404,29071188
3324,6103108,12104033
3325,9938792,51081172
3326,1851863,9671138
3327,8130015,42931551
3328,8957312,28658052
3329,2426152,12400286
3330,7826447,41208377
3331,9595087,10874606
3332,8524565,17978322
3333,1561256,7940700
3334,2686624,2743787
3335,2897897,8873662
3336,7748349,15288819
3337,704477,3618293
3338,8411627,20731
3339,7559939,15288819
3340,8870139,46428878
3341,7198282,15288819
3342,7441508,15288819
3343,5882923,30550537
3344,6445769,2593671
3345,3959460,7307064
3346,7974112,42046981
3347,320704,83099
3348,3250577,16441896
3349,8053049,29542578
3350,7349099,14057208
3351,5022572,534305
3352,10191917,32013221
3353,5123904,26066534
3354,2471731,3979528
3355,7803176,29629669
3356,4318814,22422978
3357,4187961,10594158
3358,7161897,7402289
3359,8611952,430709
3360,5805907,11346922
3361,5433597,10722904
3362,7968548,42046981
3363,4638785,24017652
3364,4104442,10722904
3365,3883041,20077020
3366,8441477,42640004
3367,6119785,11346922
3368,103466,6762829
3369,8168876,430709
3370,2557712,10955929
3371,3238295,8604548
3372,4784639,24148567
3373,4403171,430709
3374,1133329,534305
3375,2723368,880937
3376,7420762,8920586
3377,4947002,8141738
3378,3209633,168580
3379,4395502,430709
3380,6992387,28885639
3381,9068419,32377507
3382,5029665,6421859
3383,9229043,47978936
3384,4084398,430709
3385,6577729,16756919
3386,9199082,46879
3387,7970663,35246915
3388,2858482,1356696
3389,9715029,35324229
3390,7748866,40733844
3391,9739482,19916574
3392,5078129,7980977
3393,2808357,1356696
3394,6543677,2745335
3395,202251,601266
3396,8402434,20565615
3397,6438518,32377507
3398,5444457,1195323
3399,7574864,8537839
3400,2969955,12393299
3401,9473312,24892993
3402,254340,1336214
3403,496074,2450062
3404,9217337,47930029
3405,4130102,6281824
3406,1256892,6846442
3407,9348375,24803728
3408,4598160,14418694
3409,6127974,31659671
3410,748526,3932149
3411,3908378,1611939
3412,2868006,14660515
3413,5683646,7475488
3414,2762241,14127360
3415,4760181,2745335
3416,4287974,20219463
3417,48848,212404
3418,9999759,29935483
3419,3774113,2336122
3420,8227710,658155
3421,23919,95510
3422,7698721,1024728
3423,7872818,3382100
3424,8289871,1024728
3425,1737244,9148911
3426,1429904,7688686
3427,9074837,7182858
3428,4278896,3650148
3429,4016079,16206353
3430,7389950,5371112
3431,3529563,9893268
3432,8612922,41402752
3433,7564942,39663044
3434,5228066,3650148
3435,8150045,17640965
3436,3413183,17208894
3437,3123041,597729
3438,2492143,512103
3439,6714652,16007710
3440,6678058,34953514
3441,1696194,8956137
3442,9352778,208959
3443,2720963,3676438
3444,6591879,34487300
3445,10023353,12166833
3446,8207987,43281593
3447,3971346,14446306
3448,3382533,5177328
3449,8943821,11274242
3450,4485424,16630158
3451,7227464,5177328
3452,2958318,12729402
3453,4066344,21088545
3454,8012443,42305353
3455,8094338,42305353
3456,5096363,25963725
3457,1980283,10219841
3458,2761092,1754964
3459,4163204,18046472
3460,1145148,6278931
3461,7039427,36912090
3462,7527242,12680177
3463,8286095,43689477
3464,9238818,50893
3465,3025456,14128353
3466,6888107,4485033
3467,3242605,2733106
3468,6118198,2355349
3469,189156,179030
3470,6990677,10918906
3471,8194886,1977631
3472,8645226,41178788
3473,859467,4500127
3474,9096972,47428920
3475,1246117,1169181
3476,7665415,3286649
3477,8583457,17895568
3478,146301,33360
3479,677266,30559
3480,9419,30559
3481,1950012,5304351
3482,9508837,3638194
3483,226677,30559
3484,7256122,3638194
3485,6765354,32222318
3486,3303376,30559
3487,10060388,943847
3488,8570596,43868016
3489,4589654,23792018
3490,7843145,41322124
3491,8194164,43226056
3492,4252591,22068932
3493,6810430,2911433
3494,902609,3264544
3495,696004,3563779
3496,4824581,167482
3497,72743,242188
3498,6019762,31247796
3499,6133684,6743367
3500,4182732,21699774
3501,6479027,1939746
3502,2508065,12836602
3503,8089781,42719719
3504,7692789,23911251
3505,8136553,42966608
3506,1042022,5736221
3507,8863714,27499395
3508,4557204,23624535
3509,6644760,34779932
3510,8764748,45960572
3511,9342299,48486517
3512,4464542,11910130
3513,3817141,13757387
3514,2103939,10727475
3515,8387068,34779932
3516,5249067,8246601
3517,7620570,39969773
3518,6993726,10877293
3519,9463491,10727475
3520,6908161,8642533
3521,9169270,46005243
3522,7940358,1393266
3523,4632923,1746143
3524,2764126,8758664
3525,4710866,7354306
3526,3994601,7354306
3527,7873208,7354306
3528,3811828,7354306
3529,7873345,7354306
3530,3811930,7354306
3531,2670365,13669439
3532,4225225,12796487
3533,5728135,9792669
3534,1818768,5589030
3535,8689375,28917785
3536,9509695,22698112
3537,9156273,19994652
3538,6185083,32081109
3539,5738982,11376974
3540,8969737,12650724
3541,2500188,12796487
3542,3416590,12796487
3543,6074312,12796487
3544,9696950,47638002
3545,9920856,8118817
3546,2268329,11582791
3547,8868025,46318353
3548,1049293,1729224
3549,4401544,22848233
3550,7275464,38090170
3551,7823973,41193990
3552,8507873,44801828
3553,8131881,42940083
3554,6592178,186257
3555,825574,1340339
3556,194313,943663
3557,5470943,13669439
3558,1547337,8245715
3559,3932674,17770007
3560,3811955,7354306
3561,6911511,13669439
3562,5040885,25355782
3563,1633025,87587
3564,7492006,2555495
3565,7368959,27233816
3566,6934128,23770394
3567,8409695,44299926
3568,7050204,754810
3569,8926188,44312115
3570,5297143,24596657
3571,6228211,32307721
3572,1815677,9510212
3573,4388148,3246928
3574,1432713,7700277
3575,4454264,23113340
3576,5164194,23770394
3577,6066570,28710626
3578,1880734,9791687
3579,7127036,10662999
3580,10248139,28883039
3581,1974131,9195336
3582,8306581,43795299
3583,6627184,8115582
3584,2211594,11058653
3585,8613792,45313817
3586,2367298,1545100
3587,7871885,41487915
3588,7025898,754810
3589,722537,3731681
3590,9435279,46318353
3591,10135468,3371229
3592,2882641,13240442
3593,7805332,16966680
3594,7584142,39772105
3595,1307898,6569937
3596,9435483,46318353
3597,3446274,12796487
3598,3041619,504978
3599,10139271,17022129
3600,47196,212740
3601,8296857,43483497
3602,8845144,46318353
3603,5969069,13240442
3604,9368677,6431924
3605,6837338,17796129
3606,6865696,35976192
3607,6591894,7354306
3608,3773784,17471347
3609,10318171,8642533
3610,3666970,7354306
3611,3994634,7354306
3612,8090541,14976127
3613,7222136,7805364
3614,299817,1545026
3615,5927083,23770394
3616,6066185,15110637
3617,5685908,5320481
3618,9023202,47106886
3619,707424,3636326
3620,7151093,12796487
3621,8924032,5679192
3622,1002835,2490446
3623,8670484,7354306
3624,9727246,23077187
3625,2526405,5548892
3626,4710869,7354306
3627,3504521,17644043
3628,6637899,26861553
3629,3811872,7354306
3630,3720731,18150027
3631,3926008,8642533
3632,9863565,50763436
3633,7824426,86885
3634,2778101,11210607
3635,10019082,24430641
3636,6586979,754810
3637,9618016,49761005
3638,442487,87587
3639,8457402,43625956
3640,2297917,11737076
3641,1920477,2907322
3642,7860837,41431805
3643,5304739,13004337
3644,8051134,42518664
3645,1557314,8117658
3646,451012,2234071
3647,6797786,8414513
3648,2474569,12657870
3649,689309,3520873
3650,5059981,1566314
3651,3986793,12620012
3652,1594313,197690
3653,4936647,12903370
3654,1594219,197690
3655,8799588,6034195
3656,7662775,24905379
3657,490076,3921530
3658,9217030,47929873
3659,7756839,28003582
3660,116221,587302
3661,6921373,3443346
3662,7743727,28139398
3663,649243,2308816
3664,2989758,1730412
3665,4518474,3997252
3666,1796302,7468167
3667,53803,238982
3668,6867053,4193438
3669,9693230,12901367
3670,6750264,12156808
3671,6392029,7719433
3672,2731253,601600
3673,5625964,1390845
3674,38545,165390
3675,8699046,12832332
3676,9174327,30988044
3677,6169489,32008173
3678,9511777,48273510
3679,3489837,2318574
3680,5905958,2661374
3681,3768742,2318574
3682,1593939,2569008
3683,6087451,19598332
3684,6179956,6057750
3685,10060674,14088426
3686,9822848,23436894
3687,2391699,1123549
3688,1118153,6137030
3689,1100686,3921530
3690,9925458,12132989
3691,1146966,3921530
3692,2525172,3458990
3693,8463726,3365488
3694,51826,238982
3695,7805491,19243902
3696,7701014,864962
3697,1279660,6963318
3698,5252877,27189459
3699,935845,5049037
3700,3844087,13771267
3701,6923948,14057215
3702,7178239,20184201
3703,2075094,2318574
3704,5892185,382286
3705,7596455,26850831
3706,9513636,48273510
3707,5992032,19757666
3708,3534444,1962875
3709,8080939,11299221
3710,5525073,28653007
3711,5402304,28003582
3712,6288141,32689598
3713,1781723,1730412
3714,2061463,5908266
3715,4871348,23468824
3716,7616031,39941734
3717,7761509,39845529
3718,6516775,7964921
3719,5848330,30248897
3720,9189391,19628846
3721,9533803,22619582
3722,5902452,30221395
3723,219532,1037115
3724,7217102,12062283
3725,2727808,13959773
3726,7151417,37453523
3727,7069143,21773340
3728,8683011,1744441
3729,4357979,3452999
3730,8118110,5040711
3731,5766989,22071593
3732,8306501,8481644
3733,4349344,22576916
3734,8633733,11268592
3735,7396707,38755112
3736,394408,1971733
3737,8412143,44312115
3738,5728739,430709
3739,3931571,8462864
3740,3899160,20190141
3741,8428825,25904128
3742,3554558,3443346
3743,3931346,5062312
3744,4250749,430709
3745,6290509,27189459
3746,2693700,13786376
3747,7857241,41392507
3748,8009814,36993883
3749,3963320,9444970
3750,6289789,32689598
3751,1513847,8083183
3752,6183721,379533
3753,5061411,165390
3754,3594959,1809801
3755,637710,3181546
3756,8968494,6979871
3757,1702092,8986560
3758,5781547,29994384
3759,7821351,6979871
3760,6937071,19853154
3761,3258386,10921278
3762,6592421,27189459
3763,3143175,15958366
3764,4322622,14140094
3765,9262389,11853720
3766,6043482,4694909
3767,8632651,11299221
3768,6107901,20219487
3769,4993710,25746073
3770,7853498,39845529
3771,430609,165390
3772,7646637,40122496
3773,1069562,2305861
3774,119103,601600
3775,8687967,45617021
3776,282934,781716
3777,5787922,30030857
3778,8081658,11299221
3779,3898413,20184201
3780,7009282,36742703
3781,9196007,3365488
3782,4100009,14012754
3783,4738971,7441000
3784,692671,179626
3785,5893969,30609848
3786,215954,238982
3787,2494157,5506237
3788,7745196,398005
3789,4645405,13771267
3790,2755730,3752499
3791,7949448,26392625
3792,9288840,15784748
3793,3312406,16727906
3794,6621924,30049045
3795,5673552,28007250
3796,609701,3023407
3797,10118341,1237248
3798,2614387,1123549
3799,7735100,7227474
3800,5482204,28432113
3801,4524575,20853099
3802,8562314,18774473
3803,9698202,5325329
3804,7178490,566102
3805,8054902,4071088
3806,5458027,6963318
3807,4940491,466499
3808,1844791,7964921
3809,6120046,31752892
3810,262764,1379138
3811,8578490,11847918
3812,3383329,3443346
3813,8101950,31148752
3814,8902327,46566046
3815,10267360,52791370
3816,9604740,25522052
3817,10208623,14703116
